id,source_type,source,field_or_context,arabic_text,english_translation,treatment,translation_note
SMART-I18N-0164,frontend_legacy_static_data,frontend/src/data/allProjects.ts:5,double,منصة الوفرة التعليمية,Al-Wafrah Education Platform,verify-unused-then-remove-or-localize,"Legacy/static dataset; verify usage. Remove if unused, otherwise move to locale/CMS."
SMART-I18N-0165,frontend_legacy_static_data,frontend/src/data/allProjects.ts:6 | frontend/src/data/allProjects.ts:37 | frontend/src/data/allProjects.ts:59 | frontend/src/data/allProjects.ts:81 | frontend/src/data/projects-data.ts:19 | frontend/src/data/projects-data.ts:32 | frontend/src/data/projects-data.ts:44 | frontend/src/data/projects-data.ts:57,double,نشط,Active,verify-unused-then-remove-or-localize,"Legacy/static dataset; verify usage. Remove if unused, otherwise move to locale/CMS."
SMART-I18N-0166,frontend_legacy_static_data,frontend/src/data/allProjects.ts:7,double,منصة تعليمية متكاملة,Integrated Educational Platform,verify-unused-then-remove-or-localize,"Legacy/static dataset; verify usage. Remove if unused, otherwise move to locale/CMS."
SMART-I18N-0167,frontend_legacy_static_data,frontend/src/data/allProjects.ts:8,double,منصة تعليمية مبتكرة تقدم تجربة تعلم تفاعلية مع لوحة تحكم متقدمة.,An innovative educational platform that delivers an interactive learning experience with an advanced dashboard.,verify-unused-then-remove-or-localize,"Legacy/static dataset; verify usage. Remove if unused, otherwise move to locale/CMS."
SMART-I18N-0168,frontend_legacy_static_data,frontend/src/data/allProjects.ts:11,double,لوحة تحكم متكاملة للمدرسين والطلاب,Integrated Dashboard for Teachers and Students,verify-unused-then-remove-or-localize,"Legacy/static dataset; verify usage. Remove if unused, otherwise move to locale/CMS."
SMART-I18N-0169,frontend_legacy_static_data,frontend/src/data/allProjects.ts:12,double,نظام إدارة محتوى متقدم,Advanced Content Management System,verify-unused-then-remove-or-localize,"Legacy/static dataset; verify usage. Remove if unused, otherwise move to locale/CMS."
SMART-I18N-0170,frontend_legacy_static_data,frontend/src/data/allProjects.ts:13,double,فصول افتراضية تفاعلية,Interactive Virtual Classrooms,verify-unused-then-remove-or-localize,"Legacy/static dataset; verify usage. Remove if unused, otherwise move to locale/CMS."
SMART-I18N-0171,frontend_legacy_static_data,frontend/src/data/allProjects.ts:14,double,نظام تقييم ومتابعة الطلاب,Student Assessment and Tracking System,verify-unused-then-remove-or-localize,"Legacy/static dataset; verify usage. Remove if unused, otherwise move to locale/CMS."
SMART-I18N-0172,frontend_legacy_static_data,frontend/src/data/allProjects.ts:15,double,تكامل مع أنظمة الدفع الإلكتروني,Integration with Online Payment Systems,verify-unused-then-remove-or-localize,"Legacy/static dataset; verify usage. Remove if unused, otherwise move to locale/CMS."
SMART-I18N-0173,frontend_legacy_static_data,frontend/src/data/allProjects.ts:29,double,منصة الوفرة غيرت طريقة تعاملنا مع التعليم الإلكتروني.,Al-Wafrah Platform changed the way we approach e-learning.,verify-unused-then-remove-or-localize,"Legacy/static dataset; verify usage. Remove if unused, otherwise move to locale/CMS."
SMART-I18N-0174,frontend_legacy_static_data,frontend/src/data/allProjects.ts:30,double,أ. محمد السعيد,Mr. Mohammed Al-Saeed,verify-unused-then-remove-or-localize,"Legacy/static dataset; verify usage. Remove if unused, otherwise move to locale/CMS."
SMART-I18N-0175,frontend_legacy_static_data,frontend/src/data/allProjects.ts:31,double,مدير أكاديمية الوفرة,Director of Al-Wafrah Academy,verify-unused-then-remove-or-localize,"Legacy/static dataset; verify usage. Remove if unused, otherwise move to locale/CMS."
SMART-I18N-0176,frontend_legacy_static_data,frontend/src/data/allProjects.ts:36 | frontend/src/data/projects-data.ts:31,double,متجر ريم ستور,Reem Store,verify-unused-then-remove-or-localize,"Legacy/static dataset; verify usage. Remove if unused, otherwise move to locale/CMS."
SMART-I18N-0177,frontend_legacy_static_data,frontend/src/data/allProjects.ts:38 | frontend/src/data/projects-data.ts:34,double,متجر إلكتروني للهدايا والتغليف,E-Commerce Store for Gifts and Packaging,verify-unused-then-remove-or-localize,"Legacy/static dataset; verify usage. Remove if unused, otherwise move to locale/CMS."
SMART-I18N-0178,frontend_legacy_static_data,frontend/src/data/allProjects.ts:39,double,متجر متميز يقدم تجربة شراء فريدة مع نظام تخصيص للهدايا.,A distinctive online store offering a unique shopping experience with a gift customization system.,verify-unused-then-remove-or-localize,"Legacy/static dataset; verify usage. Remove if unused, otherwise move to locale/CMS."
SMART-I18N-0179,frontend_legacy_static_data,frontend/src/data/allProjects.ts:42,double,تصميم أنيق ومتجاوب,Elegant and Responsive Design,verify-unused-then-remove-or-localize,"Legacy/static dataset; verify usage. Remove if unused, otherwise move to locale/CMS."
SMART-I18N-0180,frontend_legacy_static_data,frontend/src/data/allProjects.ts:43,double,نظام تخصيص للطلبات,Order Customization System,verify-unused-then-remove-or-localize,"Legacy/static dataset; verify usage. Remove if unused, otherwise move to locale/CMS."
SMART-I18N-0181,frontend_legacy_static_data,frontend/src/data/allProjects.ts:44,double,إدارة شاملة للمخزون,Comprehensive Inventory Management,verify-unused-then-remove-or-localize,"Legacy/static dataset; verify usage. Remove if unused, otherwise move to locale/CMS."
SMART-I18N-0182,frontend_legacy_static_data,frontend/src/data/allProjects.ts:58 | frontend/src/data/projects-data.ts:43,double,متجر جي اتش نايس,GH Nice Store,verify-unused-then-remove-or-localize,"Legacy/static dataset; verify usage. Remove if unused, otherwise move to locale/CMS."
SMART-I18N-0183,frontend_legacy_static_data,frontend/src/data/allProjects.ts:60,double,تطبيق وموقع لمتاجر الكف الأخضر - اليمن,App and Website for Al-Kaff Al-Akhdar Stores - Yemen,verify-unused-then-remove-or-localize,"Legacy/static dataset; verify usage. Remove if unused, otherwise move to locale/CMS."
SMART-I18N-0184,frontend_legacy_static_data,frontend/src/data/allProjects.ts:61,double,متجر إلكتروني شامل يقدم خدمات التجزئة عبر التطبيق والموقع.,A comprehensive e-commerce store offering retail services through the app and website.,verify-unused-then-remove-or-localize,"Legacy/static dataset; verify usage. Remove if unused, otherwise move to locale/CMS."
SMART-I18N-0185,frontend_legacy_static_data,frontend/src/data/allProjects.ts:64,double,ربط مباشر بين المتاجر والعملاء,Direct Connection Between Stores and Customers,verify-unused-then-remove-or-localize,"Legacy/static dataset; verify usage. Remove if unused, otherwise move to locale/CMS."
SMART-I18N-0186,frontend_legacy_static_data,frontend/src/data/allProjects.ts:65,double,إدارة الطلبات والدفع,Order and Payment Management,verify-unused-then-remove-or-localize,"Legacy/static dataset; verify usage. Remove if unused, otherwise move to locale/CMS."
SMART-I18N-0187,frontend_legacy_static_data,frontend/src/data/allProjects.ts:66,double,تطبيقات أندرويد و iOS,Android and iOS Apps,verify-unused-then-remove-or-localize,"Legacy/static dataset; verify usage. Remove if unused, otherwise move to locale/CMS."
SMART-I18N-0188,frontend_legacy_static_data,frontend/src/data/allProjects.ts:80 | frontend/src/data/projects-data.ts:56,double,متجر نايس وير,Nice Wear Store,verify-unused-then-remove-or-localize,"Legacy/static dataset; verify usage. Remove if unused, otherwise move to locale/CMS."
SMART-I18N-0189,frontend_legacy_static_data,frontend/src/data/allProjects.ts:82 | frontend/src/data/projects-data.ts:59,double,تطبيق متجر إلكتروني للأزياء,Fashion E-Commerce App,verify-unused-then-remove-or-localize,"Legacy/static dataset; verify usage. Remove if unused, otherwise move to locale/CMS."
SMART-I18N-0190,frontend_legacy_static_data,frontend/src/data/allProjects.ts:83,double,تطبيق أزياء حديث بواجهة جذابة وتجربة مستخدم ممتازة.,A modern fashion app with an attractive interface and excellent user experience.,verify-unused-then-remove-or-localize,"Legacy/static dataset; verify usage. Remove if unused, otherwise move to locale/CMS."
SMART-I18N-0191,frontend_legacy_static_data,frontend/src/data/allProjects.ts:85,double,واجهة متجاوبة,Responsive Interface,verify-unused-then-remove-or-localize,"Legacy/static dataset; verify usage. Remove if unused, otherwise move to locale/CMS."
SMART-I18N-0192,frontend_legacy_static_data,frontend/src/data/allProjects.ts:85,double,نظام سلة تسوق ذكي,Smart Shopping Cart System,verify-unused-then-remove-or-localize,"Legacy/static dataset; verify usage. Remove if unused, otherwise move to locale/CMS."
SMART-I18N-0193,frontend_legacy_static_data,frontend/src/data/allProjects.ts:98 | frontend/src/data/projects-data.ts:68,double,منصة فزعة,Fazaa Platform,verify-unused-then-remove-or-localize,"Legacy/static dataset; verify usage. Remove if unused, otherwise move to locale/CMS."
SMART-I18N-0194,frontend_legacy_static_data,frontend/src/data/allProjects.ts:99 | frontend/src/data/allProjects.ts:121 | frontend/src/data/projects-data.ts:69 | frontend/src/data/projects-data.ts:82,double,قيد التطوير,Under Development,verify-unused-then-remove-or-localize,"Legacy/static dataset; verify usage. Remove if unused, otherwise move to locale/CMS."
SMART-I18N-0195,frontend_legacy_static_data,frontend/src/data/allProjects.ts:100 | frontend/src/data/projects-data.ts:71,double,منصة إلكترونية لتأجير واستئجار الخدمات والمعدات,Online Platform for Renting Services and Equipment,verify-unused-then-remove-or-localize,"Legacy/static dataset; verify usage. Remove if unused, otherwise move to locale/CMS."
SMART-I18N-0196,frontend_legacy_static_data,frontend/src/data/allProjects.ts:101,double,تطبيق متكامل للتأجير بين الأفراد مع تكامل للخرائط والتحقق.,An integrated peer-to-peer rental app with maps and verification integration.,verify-unused-then-remove-or-localize,"Legacy/static dataset; verify usage. Remove if unused, otherwise move to locale/CMS."
SMART-I18N-0197,frontend_legacy_static_data,frontend/src/data/allProjects.ts:104,double,تكامل مع خرائط Google,Google Maps Integration,verify-unused-then-remove-or-localize,"Legacy/static dataset; verify usage. Remove if unused, otherwise move to locale/CMS."
SMART-I18N-0198,frontend_legacy_static_data,frontend/src/data/allProjects.ts:105,double,لوحات تحكم مخصصة,Custom Dashboards,verify-unused-then-remove-or-localize,"Legacy/static dataset; verify usage. Remove if unused, otherwise move to locale/CMS."
SMART-I18N-0199,frontend_legacy_static_data,frontend/src/data/allProjects.ts:106,double,تكامل مع السجل المدني السعودي,Integration with the Saudi Civil Registry,verify-unused-then-remove-or-localize,"Legacy/static dataset; verify usage. Remove if unused, otherwise move to locale/CMS."
SMART-I18N-0200,frontend_legacy_static_data,frontend/src/data/allProjects.ts:120 | frontend/src/data/projects-data.ts:81,double,مشروع بثواني,Bithawani Project,verify-unused-then-remove-or-localize,"Legacy/static dataset; verify usage. Remove if unused, otherwise move to locale/CMS."
SMART-I18N-0201,frontend_legacy_static_data,frontend/src/data/allProjects.ts:122 | frontend/src/data/projects-data.ts:84,double,تطبيق ومنصة للربط الفوري بين مقدمي الخدمات والعملاء,App and Platform for Instantly Connecting Service Providers and Customers,verify-unused-then-remove-or-localize,"Legacy/static dataset; verify usage. Remove if unused, otherwise move to locale/CMS."
SMART-I18N-0202,frontend_legacy_static_data,frontend/src/data/allProjects.ts:123,double,منصة ذكية لتسهيل التواصل الفوري وتنفيذ الطلبات.,A smart platform that facilitates instant communication and request fulfillment.,verify-unused-then-remove-or-localize,"Legacy/static dataset; verify usage. Remove if unused, otherwise move to locale/CMS."
SMART-I18N-0203,frontend_legacy_static_data,frontend/src/data/allProjects.ts:125 | frontend/src/data/projects-data.ts:87,double,نظام طلبات سريع,Fast Request System,verify-unused-then-remove-or-localize,"Legacy/static dataset; verify usage. Remove if unused, otherwise move to locale/CMS."
SMART-I18N-0204,frontend_legacy_static_data,frontend/src/data/allProjects.ts:125,double,واجهة مستخدم مبنية بأحدث التقنيات,User Interface Built with Modern Technologies,verify-unused-then-remove-or-localize,"Legacy/static dataset; verify usage. Remove if unused, otherwise move to locale/CMS."
SMART-I18N-0205,frontend_legacy_static_data,frontend/src/data/blog-data.ts:26,double,أفضل 5 استراتيجيات لإطلاق SaaS في السوق العربي,Top 5 Strategies for Launching SaaS in the Arab Market,verify-unused-then-remove-or-localize,"Legacy/static dataset; verify usage. Remove if unused, otherwise move to locale/CMS."
SMART-I18N-0206,frontend_legacy_static_data,frontend/src/data/blog-data.ts:27,double,دليل عملي لبدء مشروع SaaS ناجح في المنطقة العربية مع تجنب الأخطاء الشائعة,A practical guide to launching a successful SaaS business in the Arab region while avoiding common mistakes,verify-unused-then-remove-or-localize,"Legacy/static dataset; verify usage. Remove if unused, otherwise move to locale/CMS."
SMART-I18N-0207,frontend_legacy_static_data,frontend/src/data/blog-data.ts:28,double,15 مايو 2025,"May 15, 2025",verify-unused-then-remove-or-localize,"Legacy/static dataset; verify usage. Remove if unused, otherwise move to locale/CMS."
SMART-I18N-0208,frontend_legacy_static_data,frontend/src/data/blog-data.ts:29,double,8 دقائق,8 minutes,verify-unused-then-remove-or-localize,"Legacy/static dataset; verify usage. Remove if unused, otherwise move to locale/CMS."
SMART-I18N-0209,frontend_legacy_static_data,frontend/src/data/blog-data.ts:30,double,منتجات SaaS,SaaS Products,verify-unused-then-remove-or-localize,"Legacy/static dataset; verify usage. Remove if unused, otherwise move to locale/CMS."
SMART-I18N-0210,frontend_legacy_static_data,frontend/src/data/blog-data.ts:31,double,إطلاق المنتج,Product Launch,verify-unused-then-remove-or-localize,"Legacy/static dataset; verify usage. Remove if unused, otherwise move to locale/CMS."
SMART-I18N-0211,frontend_legacy_static_data,frontend/src/data/blog-data.ts:31,double,ريادة الأعمال,Entrepreneurship,verify-unused-then-remove-or-localize,"Legacy/static dataset; verify usage. Remove if unused, otherwise move to locale/CMS."
SMART-I18N-0212,frontend_legacy_static_data,frontend/src/data/blog-data.ts:33,jsx,مقدمة,Introduction,verify-unused-then-remove-or-localize,"Legacy/static dataset; verify usage. Remove if unused, otherwise move to locale/CMS."
SMART-I18N-0213,frontend_legacy_static_data,frontend/src/data/blog-data.ts:34,jsx,إطلاق منتج SaaS في السوق العربي يتطلب فهمًا عميقًا للثقافة والتحديات الفريدة في المنطقة. في هذا المقال، سنستعرض أهم الاستراتيجيات التي تساعدك على دخول السوق بثقة وتجنب الأخطاء الشائعة.,"Launching a SaaS product in the Arab market requires a deep understanding of the region’s culture and unique challenges. In this article, we explore the most important strategies that can help you enter the market confidently and avoid common mistakes.",verify-unused-then-remove-or-localize,"Legacy/static dataset; verify usage. Remove if unused, otherwise move to locale/CMS."
SMART-I18N-0214,frontend_legacy_static_data,frontend/src/data/blog-data.ts:36,jsx,1. فهم الجمهور العربي,1. Understand the Arab Audience,verify-unused-then-remove-or-localize,"Legacy/static dataset; verify usage. Remove if unused, otherwise move to locale/CMS."
SMART-I18N-0215,frontend_legacy_static_data,frontend/src/data/blog-data.ts:37,jsx,الجمهور العربي يختلف عن غيره في عدة نواحي:,The Arab audience differs from others in several ways:,verify-unused-then-remove-or-localize,"Legacy/static dataset; verify usage. Remove if unused, otherwise move to locale/CMS."
SMART-I18N-0216,frontend_legacy_static_data,frontend/src/data/blog-data.ts:39,jsx,الاعتماد الكبير على الهواتف الذكية,Heavy reliance on smartphones,verify-unused-then-remove-or-localize,"Legacy/static dataset; verify usage. Remove if unused, otherwise move to locale/CMS."
SMART-I18N-0217,frontend_legacy_static_data,frontend/src/data/blog-data.ts:40,jsx,تفضيل الدفع النقدي أو التحويل البنكي,Preference for cash payments or bank transfers,verify-unused-then-remove-or-localize,"Legacy/static dataset; verify usage. Remove if unused, otherwise move to locale/CMS."
SMART-I18N-0218,frontend_legacy_static_data,frontend/src/data/blog-data.ts:41,jsx,الحساسية للأسعار مقارنة بالدول الغربية,Greater price sensitivity compared with Western markets,verify-unused-then-remove-or-localize,"Legacy/static dataset; verify usage. Remove if unused, otherwise move to locale/CMS."
SMART-I18N-0219,frontend_legacy_static_data,frontend/src/data/blog-data.ts:44,jsx,2. البدء بـ MVP واضح,2. Start with a Clear MVP,verify-unused-then-remove-or-localize,"Legacy/static dataset; verify usage. Remove if unused, otherwise move to locale/CMS."
SMART-I18N-0220,frontend_legacy_static_data,frontend/src/data/blog-data.ts:45,jsx,النموذج الأولي (MVP) يجب أن يركز على حل مشكلة واحدة بشكل ممتاز بدلاً من عشرات الميزات المتوسطة. بعض النصائح:,Your MVP should focus on solving one problem exceptionally well rather than offering dozens of average features. Here are a few tips:,verify-unused-then-remove-or-localize,"Legacy/static dataset; verify usage. Remove if unused, otherwise move to locale/CMS."
SMART-I18N-0221,frontend_legacy_static_data,frontend/src/data/blog-data.ts:47,jsx,حدد الميزة الأساسية التي تميزك,Identify the core feature that sets you apart,verify-unused-then-remove-or-localize,"Legacy/static dataset; verify usage. Remove if unused, otherwise move to locale/CMS."
SMART-I18N-0222,frontend_legacy_static_data,frontend/src/data/blog-data.ts:48,jsx,اختبر مع مستخدمين حقيقيين مبكرًا,Test with real users early,verify-unused-then-remove-or-localize,"Legacy/static dataset; verify usage. Remove if unused, otherwise move to locale/CMS."
SMART-I18N-0223,frontend_legacy_static_data,frontend/src/data/blog-data.ts:49,jsx,استخدم أدوات لا-code لاختبار الفكرة قبل الاستثمار في التطوير,Use no-code tools to validate the idea before investing in development,verify-unused-then-remove-or-localize,"Legacy/static dataset; verify usage. Remove if unused, otherwise move to locale/CMS."
SMART-I18N-0224,frontend_legacy_static_data,frontend/src/data/blog-data.ts:52,jsx,3. التسويق المسبق قبل البرمجة,3. Pre-Market Before Development,verify-unused-then-remove-or-localize,"Legacy/static dataset; verify usage. Remove if unused, otherwise move to locale/CMS."
SMART-I18N-0225,frontend_legacy_static_data,frontend/src/data/blog-data.ts:53,jsx,70% من مشاريع SaaS تفشل بسبب عدم وجود طلب كافٍ في السوق. يمكنك تجنب ذلك عن طريق:,70% of SaaS projects fail because there is not enough market demand. You can reduce this risk by:,verify-unused-then-remove-or-localize,"Legacy/static dataset; verify usage. Remove if unused, otherwise move to locale/CMS."
SMART-I18N-0226,frontend_legacy_static_data,frontend/src/data/blog-data.ts:55,jsx,إنشاء صفحة هبوط وقياس الاهتمام,Create a landing page and measure interest,verify-unused-then-remove-or-localize,"Legacy/static dataset; verify usage. Remove if unused, otherwise move to locale/CMS."
SMART-I18N-0227,frontend_legacy_static_data,frontend/src/data/blog-data.ts:56,jsx,جمع رسائل البريد الإلكتروني للمهتمين,Collect email addresses from interested users,verify-unused-then-remove-or-localize,"Legacy/static dataset; verify usage. Remove if unused, otherwise move to locale/CMS."
SMART-I18N-0228,frontend_legacy_static_data,frontend/src/data/blog-data.ts:57,jsx,إنشاء محتوى تعليمي حول المشكلة التي تحلها,Create educational content around the problem you solve,verify-unused-then-remove-or-localize,"Legacy/static dataset; verify usage. Remove if unused, otherwise move to locale/CMS."
SMART-I18N-0229,frontend_legacy_static_data,frontend/src/data/blog-data.ts:60,jsx,4. الشركات المبكرة,4. Early Partnerships,verify-unused-then-remove-or-localize,"Legacy/static dataset; verify usage. Remove if unused, otherwise move to locale/CMS."
SMART-I18N-0230,frontend_legacy_static_data,frontend/src/data/blog-data.ts:61,jsx,الشراكات المحلية يمكن أن تعطي دفعة قوية لعملك:,Local partnerships can give your business a strong boost:,verify-unused-then-remove-or-localize,"Legacy/static dataset; verify usage. Remove if unused, otherwise move to locale/CMS."
SMART-I18N-0231,frontend_legacy_static_data,frontend/src/data/blog-data.ts:63,jsx,ابحث عن شركات مكملة لخدمتك,Look for companies that complement your service,verify-unused-then-remove-or-localize,"Legacy/static dataset; verify usage. Remove if unused, otherwise move to locale/CMS."
SMART-I18N-0232,frontend_legacy_static_data,frontend/src/data/blog-data.ts:64,jsx,قدم قيمة لهم أولاً قبل طلب المساعدة,Offer value first before asking for help,verify-unused-then-remove-or-localize,"Legacy/static dataset; verify usage. Remove if unused, otherwise move to locale/CMS."
SMART-I18N-0233,frontend_legacy_static_data,frontend/src/data/blog-data.ts:65,jsx,استفد من شبكات الأعمال المحلية,Leverage local business networks,verify-unused-then-remove-or-localize,"Legacy/static dataset; verify usage. Remove if unused, otherwise move to locale/CMS."
SMART-I18N-0234,frontend_legacy_static_data,frontend/src/data/blog-data.ts:68,jsx,5. دعم عربي ممتاز من اليوم الأول,5. Excellent Arabic Support from Day One,verify-unused-then-remove-or-localize,"Legacy/static dataset; verify usage. Remove if unused, otherwise move to locale/CMS."
SMART-I18N-0235,frontend_legacy_static_data,frontend/src/data/blog-data.ts:69,jsx,الدعم الفني باللغة العربية وبطريقة تناسب الثقافة المحلية هو ما يميزك عن المنافسين العالميين. استثمر في:,"Technical support in Arabic, delivered in a way that fits the local culture, can differentiate you from global competitors. Invest in:",verify-unused-then-remove-or-localize,"Legacy/static dataset; verify usage. Remove if unused, otherwise move to locale/CMS."
SMART-I18N-0236,frontend_legacy_static_data,frontend/src/data/blog-data.ts:71,jsx,دردشة مباشرة بالعربية,Live chat in Arabic,verify-unused-then-remove-or-localize,"Legacy/static dataset; verify usage. Remove if unused, otherwise move to locale/CMS."
SMART-I18N-0237,frontend_legacy_static_data,frontend/src/data/blog-data.ts:72,jsx,فريق دعم متاح خلال أوقات العمل المحلية,A support team available during local business hours,verify-unused-then-remove-or-localize,"Legacy/static dataset; verify usage. Remove if unused, otherwise move to locale/CMS."
SMART-I18N-0238,frontend_legacy_static_data,frontend/src/data/blog-data.ts:73,jsx,فيديوهات تعليمية باللهجة المحلية,Educational videos in the local dialect,verify-unused-then-remove-or-localize,"Legacy/static dataset; verify usage. Remove if unused, otherwise move to locale/CMS."
SMART-I18N-0239,frontend_legacy_static_data,frontend/src/data/blog-data.ts:76,jsx,الخاتمة,Conclusion,verify-unused-then-remove-or-localize,"Legacy/static dataset; verify usage. Remove if unused, otherwise move to locale/CMS."
SMART-I18N-0240,frontend_legacy_static_data,frontend/src/data/blog-data.ts:77,jsx,إطلاق SaaS في العالم العربي يحتاج إلى أكثر من مجرد منتج جيد. التركيز على هذه الاستراتيجيات الخمس سيعطيك أفضل فرصة للنجاح في سوق سريع النمو ولكنه مليء بالتحديات الفريدة.,Launching a SaaS product in the Arab world requires more than a good product. Focusing on these five strategies gives you a better chance of succeeding in a fast-growing market with unique challenges.,verify-unused-then-remove-or-localize,"Legacy/static dataset; verify usage. Remove if unused, otherwise move to locale/CMS."
SMART-I18N-0241,frontend_legacy_static_data,frontend/src/data/blog-data.ts:80,double,أحمد محمد,Ahmed Mohammed,verify-unused-then-remove-or-localize,"Legacy/static dataset; verify usage. Remove if unused, otherwise move to locale/CMS."
SMART-I18N-0242,frontend_legacy_static_data,frontend/src/data/blog-data.ts:81,double,خبير منتجات SaaS,SaaS Product Expert,verify-unused-then-remove-or-localize,"Legacy/static dataset; verify usage. Remove if unused, otherwise move to locale/CMS."
SMART-I18N-0243,frontend_legacy_static_data,frontend/src/data/blog-data.ts:86,double,كيف تحدد سعر منتجك الرقمي؟,How Do You Price Your Digital Product?,verify-unused-then-remove-or-localize,"Legacy/static dataset; verify usage. Remove if unused, otherwise move to locale/CMS."
SMART-I18N-0244,frontend_legacy_static_data,frontend/src/data/blog-data.ts:88,double,أبريل 2025,April 2025,verify-unused-then-remove-or-localize,"Legacy/static dataset; verify usage. Remove if unused, otherwise move to locale/CMS."
SMART-I18N-0245,frontend_legacy_static_data,frontend/src/data/blog-data.ts:91,double,أدوات لا غنى عنها لفرق SaaS الناشئة,Essential Tools for Early-Stage SaaS Teams,verify-unused-then-remove-or-localize,"Legacy/static dataset; verify usage. Remove if unused, otherwise move to locale/CMS."
SMART-I18N-0246,frontend_legacy_static_data,frontend/src/data/blog-data.ts:93,double,مارس 2025,March 2025,verify-unused-then-remove-or-localize,"Legacy/static dataset; verify usage. Remove if unused, otherwise move to locale/CMS."
SMART-I18N-0247,frontend_legacy_static_data,frontend/src/data/projects-data.ts:18,double,منصة الوفرة أونلاين,Al-Wafrah Online Platform,verify-unused-then-remove-or-localize,"Legacy/static dataset; verify usage. Remove if unused, otherwise move to locale/CMS."
SMART-I18N-0248,frontend_legacy_static_data,frontend/src/data/projects-data.ts:21,double,منصة تعليمية رقمية متكاملة,Integrated Digital Learning Platform,verify-unused-then-remove-or-localize,"Legacy/static dataset; verify usage. Remove if unused, otherwise move to locale/CMS."
SMART-I18N-0249,frontend_legacy_static_data,frontend/src/data/projects-data.ts:24,double,مجتمع خاص للمستخدمين,Private User Community,verify-unused-then-remove-or-localize,"Legacy/static dataset; verify usage. Remove if unused, otherwise move to locale/CMS."
SMART-I18N-0250,frontend_legacy_static_data,frontend/src/data/projects-data.ts:25,double,لوحة تحكم متقدمة للمدربين والطلاب,Advanced Dashboard for Trainers and Students,verify-unused-then-remove-or-localize,"Legacy/static dataset; verify usage. Remove if unused, otherwise move to locale/CMS."
SMART-I18N-0251,frontend_legacy_static_data,frontend/src/data/projects-data.ts:26,double,نظام دورات تفاعلي,Interactive Course System,verify-unused-then-remove-or-localize,"Legacy/static dataset; verify usage. Remove if unused, otherwise move to locale/CMS."
SMART-I18N-0252,frontend_legacy_static_data,frontend/src/data/projects-data.ts:37,double,حجز وتخصيص الهدايا,Gift Booking and Customization,verify-unused-then-remove-or-localize,"Legacy/static dataset; verify usage. Remove if unused, otherwise move to locale/CMS."
SMART-I18N-0253,frontend_legacy_static_data,frontend/src/data/projects-data.ts:38,double,واجهة مستخدم أنيقة ومتجاوبة,Elegant and Responsive User Interface,verify-unused-then-remove-or-localize,"Legacy/static dataset; verify usage. Remove if unused, otherwise move to locale/CMS."
SMART-I18N-0254,frontend_legacy_static_data,frontend/src/data/projects-data.ts:46,double,تطبيق وموقع لمتاجر الكف الأخضر - صنعاء، اليمن,"App and Website for Al-Kaff Al-Akhdar Stores - Sana’a, Yemen",verify-unused-then-remove-or-localize,"Legacy/static dataset; verify usage. Remove if unused, otherwise move to locale/CMS."
SMART-I18N-0255,frontend_legacy_static_data,frontend/src/data/projects-data.ts:74,double,خرائط Google لتحديد المواقع,Google Maps for Location Services,verify-unused-then-remove-or-localize,"Legacy/static dataset; verify usage. Remove if unused, otherwise move to locale/CMS."
SMART-I18N-0256,frontend_legacy_static_data,frontend/src/data/projects-data.ts:75,double,تكامل API مع الأحوال المدنية السعودية,API Integration with Saudi Civil Affairs,verify-unused-then-remove-or-localize,"Legacy/static dataset; verify usage. Remove if unused, otherwise move to locale/CMS."
SMART-I18N-0257,frontend_legacy_static_data,frontend/src/data/projects-data.ts:76,double,لوحة تحكم مخصصة للمؤجر والمستأجر,Custom Dashboard for Landlords and Renters,verify-unused-then-remove-or-localize,"Legacy/static dataset; verify usage. Remove if unused, otherwise move to locale/CMS."
SMART-I18N-0258,frontend_legacy_static_data,frontend/src/data/projects-data.ts:88,double,تقنيات حديثة,Modern Technologies,verify-unused-then-remove-or-localize,"Legacy/static dataset; verify usage. Remove if unused, otherwise move to locale/CMS."
SMART-I18N-1227,backend_source_example,backend/src/hosting-packages/dto/create-hosting-package.dto.ts:201,single,"50GB (تكفي لحوالي 10,000 زائر شهرياً)","50GB (enough for approximately 10,000 monthly visitors)",developer-doc/example; localize only if exposed,Developer/API example text; localize only if it is exposed to end users.
SMART-I18N-1228,backend_source_example,backend/src/hosting-packages/dto/create-hosting-package.dto.ts:202,single,2GB (مناسب للمواقع متوسطة الحجم),2GB (suitable for medium-sized websites),developer-doc/example; localize only if exposed,Developer/API example text; localize only if it is exposed to end users.
SMART-I18N-1229,backend_source_example,backend/src/hosting-packages/dto/create-hosting-package.dto.ts:203,single,2 vCPU (أداء سريع للعمليات المعقدة),2 vCPU (fast performance for complex operations),developer-doc/example; localize only if exposed,Developer/API example text; localize only if it is exposed to end users.
SMART-I18N-1230,backend_source_example,backend/src/hosting-packages/dto/create-package-selection.dto.ts:22 | backend/src/testimonials/dto/create-testimonial.dto.ts:16 | backend/src/leads/dto/create-lead.dto.ts:27,single,أحمد محمد,Ahmed Mohammed,developer-doc/example; localize only if exposed,Developer/API example text; localize only if it is exposed to end users.
SMART-I18N-1231,backend_source_example,backend/src/hosting-packages/dto/create-package-selection.dto.ts:47,single,شركة التجارة الإلكترونية,E-Commerce Company,developer-doc/example; localize only if exposed,Developer/API example text; localize only if it is exposed to end users.
SMART-I18N-1232,backend_source_example,backend/src/hosting-packages/dto/create-package-selection.dto.ts:55,single,أحتاج إلى دعم WordPress وSSL مجاني,I need WordPress support and free SSL,developer-doc/example; localize only if exposed,Developer/API example text; localize only if it is exposed to end users.
SMART-I18N-1233,backend_source_example,backend/src/blog/dto/create-blog.dto.ts:88,single,كيف تبني تطبيق ناجح,How to Build a Successful App,developer-doc/example; localize only if exposed,Developer/API example text; localize only if it is exposed to end users.
SMART-I18N-1234,backend_source_example,backend/src/blog/dto/create-blog.dto.ts:104,single,<p>محتوى المقال...</p>,<p>Article content...</p>,developer-doc/example; localize only if exposed,Developer/API example text; localize only if it is exposed to end users.
SMART-I18N-1235,backend_source_example,backend/src/blog/dto/create-blog.dto.ts:104,jsx,محتوى المقال...,Article content...,developer-doc/example; localize only if exposed,Developer/API example text; localize only if it is exposed to end users.
SMART-I18N-1236,backend_source_example,backend/src/blog/dto/create-blog.dto.ts:112,single,تعلم كيفية بناء تطبيق ناجح من الصفر...,Learn how to build a successful app from scratch...,developer-doc/example; localize only if exposed,Developer/API example text; localize only if it is exposed to end users.
SMART-I18N-1237,backend_source_example,backend/src/about/dto/create-about.dto.ts:17,single,لا نبني مواقع فقط... نبني أنظمة رقمية تساعد الشركات على النمو,We don’t just build websites... we build digital systems that help companies grow,developer-doc/example; localize only if exposed,Developer/API example text; localize only if it is exposed to end users.
SMART-I18N-1238,backend_source_example,backend/src/about/dto/create-about.dto.ts:26,single,سمارت وكالة تقنية تجمع بين الاستراتيجية، تجربة المستخدم، التصميم، البرمجة، والذكاء الاصطناعي,"Smart is a technology agency that combines strategy, user experience, design, development, and artificial intelligence",developer-doc/example; localize only if exposed,Developer/API example text; localize only if it is exposed to end users.
SMART-I18N-1239,backend_source_example,backend/src/about/dto/create-about.dto.ts:34,single,من نحن,About Us,developer-doc/example; localize only if exposed,Developer/API example text; localize only if it is exposed to end users.
SMART-I18N-1240,backend_source_example,backend/src/about/dto/create-about.dto.ts:50 | backend/src/about/dto/create-about.dto.ts:366,single,ابدأ مشروعك معنا,Start Your Project with Us,developer-doc/example; localize only if exposed,Developer/API example text; localize only if it is exposed to end users.
SMART-I18N-1241,backend_source_example,backend/src/about/dto/create-about.dto.ts:66,single,شاهد أعمالنا,View Our Work,developer-doc/example; localize only if exposed,Developer/API example text; localize only if it is exposed to end users.
SMART-I18N-1242,backend_source_example,backend/src/about/dto/create-about.dto.ts:82,single,استراتيجية قبل التنفيذ,Strategy Before Execution,developer-doc/example; localize only if exposed,Developer/API example text; localize only if it is exposed to end users.
SMART-I18N-1243,backend_source_example,backend/src/about/dto/create-about.dto.ts:82,single,تصميم يخدم التحويل,Design That Drives Conversion,developer-doc/example; localize only if exposed,Developer/API example text; localize only if it is exposed to end users.
SMART-I18N-1244,backend_source_example,backend/src/about/dto/create-about.dto.ts:93,single,لماذا وُجدت سمارت؟,Why Was Smart Created?,developer-doc/example; localize only if exposed,Developer/API example text; localize only if it is exposed to end users.
SMART-I18N-1245,backend_source_example,backend/src/about/dto/create-about.dto.ts:102,single,كثير من المشاريع لا تفشل بسبب ضعف الفكرة، بل بسبب ضعف تحويلها إلى تجربة واضحة,"Many projects do not fail because the idea is weak, but because the idea is poorly translated into a clear experience",developer-doc/example; localize only if exposed,Developer/API example text; localize only if it is exposed to end users.
SMART-I18N-1246,backend_source_example,backend/src/about/dto/create-about.dto.ts:110,single,أفكار قوية تضيع بسبب تنفيذ تقليدي,Strong ideas are lost through conventional execution,developer-doc/example; localize only if exposed,Developer/API example text; localize only if it is exposed to end users.
SMART-I18N-1247,backend_source_example,backend/src/about/dto/create-about.dto.ts:119,single,نحن لا نتعامل مع المشروع كتصميم أو كود فقط,We do not treat a project as just design or code,developer-doc/example; localize only if exposed,Developer/API example text; localize only if it is exposed to end users.
SMART-I18N-1248,backend_source_example,backend/src/about/dto/create-about.dto.ts:137,single,نفهم قبل أن نصمم,We understand before we design,developer-doc/example; localize only if exposed,Developer/API example text; localize only if it is exposed to end users.
SMART-I18N-1249,backend_source_example,backend/src/about/dto/create-about.dto.ts:145,single,نبدأ بفهم الهدف التجاري، طبيعة الجمهور، رحلة المستخدم,"We start by understanding the business goal, the audience, and the user journey",developer-doc/example; localize only if exposed,Developer/API example text; localize only if it is exposed to end users.
SMART-I18N-1250,backend_source_example,backend/src/about/dto/create-about.dto.ts:153,single,مخرجات أوضح قبل الدخول في التصميم والتنفيذ,Clearer outputs before moving into design and implementation,developer-doc/example; localize only if exposed,Developer/API example text; localize only if it is exposed to end users.
SMART-I18N-1251,backend_source_example,backend/src/about/dto/create-about.dto.ts:171,single,نفهم المنتج وليس الكود فقط,"We understand the product, not just the code",developer-doc/example; localize only if exposed,Developer/API example text; localize only if it is exposed to end users.
SMART-I18N-1252,backend_source_example,backend/src/about/dto/create-about.dto.ts:179,single,نتعامل مع كل مشروع كسير عمل وتجربة وهدف تجاري,"We treat every project as a workflow, an experience, and a business objective",developer-doc/example; localize only if exposed,Developer/API example text; localize only if it is exposed to end users.
SMART-I18N-1253,backend_source_example,backend/src/about/dto/create-about.dto.ts:205,single,الاكتشاف والتحليل,Discovery and Analysis,developer-doc/example; localize only if exposed,Developer/API example text; localize only if it is exposed to end users.
SMART-I18N-1254,backend_source_example,backend/src/about/dto/create-about.dto.ts:213,single,نحدد الهدف، الجمهور، نطاق المشروع، الأولويات,"We define the goal, audience, project scope, and priorities",developer-doc/example; localize only if exposed,Developer/API example text; localize only if it is exposed to end users.
SMART-I18N-1255,backend_source_example,backend/src/about/dto/create-about.dto.ts:221,single,ملخص المتطلبات وخريطة أولية للحل,Requirements summary and an initial solution map,developer-doc/example; localize only if exposed,Developer/API example text; localize only if it is exposed to end users.
SMART-I18N-1256,backend_source_example,backend/src/about/dto/create-about.dto.ts:247,single,لا نبدأ قبل فهم الهدف,We do not start before understanding the goal,developer-doc/example; localize only if exposed,Developer/API example text; localize only if it is exposed to end users.
SMART-I18N-1257,backend_source_example,backend/src/about/dto/create-about.dto.ts:255,single,كل قرار تصميمي أو تقني يجب أن يخدم هدفًا واضحًا,Every design or technical decision must serve a clear objective,developer-doc/example; localize only if exposed,Developer/API example text; localize only if it is exposed to end users.
SMART-I18N-1258,backend_source_example,backend/src/about/dto/create-about.dto.ts:263,single,قبل التصميم نسأل: ما القرار الذي نريد من المستخدم اتخاذه؟,"Before designing, we ask: what decision do we want the user to make?",developer-doc/example; localize only if exposed,Developer/API example text; localize only if it is exposed to end users.
SMART-I18N-1259,backend_source_example,backend/src/about/dto/create-about.dto.ts:289,single,مشروع رقمي,Digital Project,developer-doc/example; localize only if exposed,Developer/API example text; localize only if it is exposed to end users.
SMART-I18N-1260,backend_source_example,backend/src/about/dto/create-about.dto.ts:305,single,بين مواقع تعريفية، متاجر إلكترونية، تطبيقات,"Across corporate websites, e-commerce stores, and applications",developer-doc/example; localize only if exposed,Developer/API example text; localize only if it is exposed to end users.
SMART-I18N-1261,backend_source_example,backend/src/about/dto/create-about.dto.ts:315,single,فريق صغير بعقلية تنفيذ كبيرة,A small team with a big execution mindset,developer-doc/example; localize only if exposed,Developer/API example text; localize only if it is exposed to end users.
SMART-I18N-1262,backend_source_example,backend/src/about/dto/create-about.dto.ts:323,single,نؤمن أن قوة الوكالة لا تقاس بعدد الأشخاص فقط,We believe an agency’s strength is not measured by headcount alone,developer-doc/example; localize only if exposed,Developer/API example text; localize only if it is exposed to end users.
SMART-I18N-1263,backend_source_example,backend/src/about/dto/create-about.dto.ts:331,single,تواصل مباشر وواضح,Direct and Clear Communication,developer-doc/example; localize only if exposed,Developer/API example text; localize only if it is exposed to end users.
SMART-I18N-1264,backend_source_example,backend/src/about/dto/create-about.dto.ts:331,single,قرارات مبنية على هدف المشروع,Decisions Based on the Project Goal,developer-doc/example; localize only if exposed,Developer/API example text; localize only if it is exposed to end users.
SMART-I18N-1265,backend_source_example,backend/src/about/dto/create-about.dto.ts:350,single,هل لديك فكرة وتريد تحويلها إلى منتج رقمي حقيقي؟,Do you have an idea you want to turn into a real digital product?,developer-doc/example; localize only if exposed,Developer/API example text; localize only if it is exposed to end users.
SMART-I18N-1266,backend_source_example,backend/src/about/dto/create-about.dto.ts:358,single,شاركنا فكرتك، وسنساعدك على تحويلها إلى تجربة واضحة,"Share your idea with us, and we’ll help you turn it into a clear experience",developer-doc/example; localize only if exposed,Developer/API example text; localize only if it is exposed to end users.
SMART-I18N-1267,backend_source_example,backend/src/about/dto/create-about.dto.ts:382,single,استعرض أعمالنا,Explore Our Work,developer-doc/example; localize only if exposed,Developer/API example text; localize only if it is exposed to end users.
SMART-I18N-1268,backend_source_example,backend/src/about/dto/create-about.dto.ts:400,single,من نحن | وكالة سمارت للحلول الرقمية والبرمجية,About Us | Smart Agency for Digital and Software Solutions,developer-doc/example; localize only if exposed,Developer/API example text; localize only if it is exposed to end users.
SMART-I18N-1269,backend_source_example,backend/src/about/dto/create-about.dto.ts:409,single,تعرف على وكالة سمارت: شريك تقني يساعد الشركات على بناء مواقع وتطبيقات,Learn about Smart Agency: a technology partner that helps companies build websites and applications,developer-doc/example; localize only if exposed,Developer/API example text; localize only if it is exposed to end users.
SMART-I18N-1270,backend_source_example,backend/src/about/dto/create-about.dto.ts:417,single,وكالة سمارت,Smart Agency,developer-doc/example; localize only if exposed,Developer/API example text; localize only if it is exposed to end users.
SMART-I18N-1271,backend_source_example,backend/src/about/dto/create-about.dto.ts:417,single,شركة برمجة,Software Company,developer-doc/example; localize only if exposed,Developer/API example text; localize only if it is exposed to end users.
SMART-I18N-1272,backend_source_example,backend/src/about/dto/create-about.dto.ts:417,single,تصميم مواقع,Web Design,developer-doc/example; localize only if exposed,Developer/API example text; localize only if it is exposed to end users.
SMART-I18N-1273,backend_source_example,backend/src/about/dto/create-about.dto.ts:444,single,أن تكون سمارت الشريك التقني الأقرب للشركات والمشاريع الطموحة,To make Smart the closest technology partner for ambitious companies and projects,developer-doc/example; localize only if exposed,Developer/API example text; localize only if it is exposed to end users.
SMART-I18N-1274,backend_source_example,backend/src/about/dto/create-about.dto.ts:453,single,مهمتنا هي مساعدة المشاريع على الانتقال من فكرة مبعثرة إلى منتج رقمي واضح,Our mission is to help projects move from a scattered idea to a clear digital product,developer-doc/example; localize only if exposed,Developer/API example text; localize only if it is exposed to end users.
SMART-I18N-1275,backend_source_example,backend/src/about/dto/create-about.dto.ts:461,single,نعمل بمنهجية تبدأ بفهم الهدف والسوق والمستخدم,"We follow an approach that starts with understanding the goal, market, and user",developer-doc/example; localize only if exposed,Developer/API example text; localize only if it is exposed to end users.
SMART-I18N-1276,backend_source_example,backend/src/testimonials/dto/create-testimonial.dto.ts:32 | backend/src/leads/dto/create-lead.dto.ts:35,single,شركة النجاح,Al-Najah Company,developer-doc/example; localize only if exposed,Developer/API example text; localize only if it is exposed to end users.
SMART-I18N-1277,backend_source_example,backend/src/testimonials/dto/create-testimonial.dto.ts:56,single,عمل احترافي وتواصل ممتاز. أنصح بهم بشدة!,Professional work and excellent communication. Highly recommended!,developer-doc/example; localize only if exposed,Developer/API example text; localize only if it is exposed to end users.
SMART-I18N-1278,backend_source_example,backend/src/team/dto/create-team-member.dto.ts:19,single,أحمد علي,Ahmed Ali,developer-doc/example; localize only if exposed,Developer/API example text; localize only if it is exposed to end users.
SMART-I18N-1279,backend_source_example,backend/src/team/dto/create-team-member.dto.ts:51,single,مطور خبير مع 5 سنوات خبرة في تطوير تطبيقات الويب,Experienced developer with 5 years of experience in web application development,developer-doc/example; localize only if exposed,Developer/API example text; localize only if it is exposed to end users.
SMART-I18N-1280,backend_source_example,backend/src/team/dto/create-team-member.dto.ts:59,single,مدمن قهوة ☕,Coffee addict ☕,developer-doc/example; localize only if exposed,Developer/API example text; localize only if it is exposed to end users.
SMART-I18N-1281,backend_source_example,backend/src/leads/dto/create-lead.dto.ts:76,single,أريد تطوير موقع تجارة إلكترونية...,I want to develop an e-commerce website...,developer-doc/example; localize only if exposed,Developer/API example text; localize only if it is exposed to end users.
SMART-I18N-1282,backend_source_example,backend/src/leads/dto/create-lead.dto.ts:109,single,إطلاق متجر إلكتروني لإدارة الطلبات,Launch an e-commerce store to manage orders,developer-doc/example; localize only if exposed,Developer/API example text; localize only if it is exposed to end users.
SMART-I18N-1283,backend_source_example,backend/src/technologies/dto/create-technology.dto.ts:41,single,نستخدمها لسرعة استجابة البيانات (Caching),We use it to improve data response speed (caching),developer-doc/example; localize only if exposed,Developer/API example text; localize only if it is exposed to end users.
SMART-I18N-1284,backend_source_example,backend/src/projects/dto/create-project.dto.ts:18,single,زيادة المبيعات,Increase Sales,developer-doc/example; localize only if exposed,Developer/API example text; localize only if it is exposed to end users.
SMART-I18N-1285,backend_source_example,backend/src/projects/dto/create-project.dto.ts:67,single,مدة التنفيذ,Implementation Duration,developer-doc/example; localize only if exposed,Developer/API example text; localize only if it is exposed to end users.
SMART-I18N-1286,backend_source_example,backend/src/projects/dto/create-project.dto.ts:72 | backend/src/projects/dto/create-project.dto.ts:194,single,45 يوم,45 days,developer-doc/example; localize only if exposed,Developer/API example text; localize only if it is exposed to end users.
SMART-I18N-1287,backend_source_example,backend/src/projects/dto/create-project.dto.ts:84,single,متجر ريم,Reem Store,developer-doc/example; localize only if exposed,Developer/API example text; localize only if it is exposed to end users.
SMART-I18N-1288,backend_source_example,backend/src/projects/dto/create-project.dto.ts:99,single,تطبيق متجر إلكتروني متكامل,Integrated E-Commerce Application,developer-doc/example; localize only if exposed,Developer/API example text; localize only if it is exposed to end users.
SMART-I18N-1289,backend_source_example,backend/src/projects/dto/create-project.dto.ts:107,single,كان العميل يعاني من صعوبة في إدارة المبيعات...,The client was struggling to manage sales...,developer-doc/example; localize only if exposed,Developer/API example text; localize only if it is exposed to end users.
SMART-I18N-1290,backend_source_example,backend/src/projects/dto/create-project.dto.ts:115,single,قمنا بتطوير نظام متكامل يشمل...,We developed an integrated system that includes...,developer-doc/example; localize only if exposed,Developer/API example text; localize only if it is exposed to end users.
SMART-I18N-1291,backend_source_example,backend/src/projects/dto/create-project.dto.ts:170,single,شركة ريم,Reem Company,developer-doc/example; localize only if exposed,Developer/API example text; localize only if it is exposed to end users.
SMART-I18N-1292,backend_source_example,backend/src/projects/dto/create-project.dto.ts:186,single,تعليم,Education,developer-doc/example; localize only if exposed,Developer/API example text; localize only if it is exposed to end users.
SMART-I18N-1293,backend_source_example,backend/src/company-info/dto/create-company-info.dto.ts:50,single,"صنعاء, اليمن","Sana’a, Yemen",developer-doc/example; localize only if exposed,Developer/API example text; localize only if it is exposed to end users.
SMART-I18N-1294,backend_source_example,backend/src/company-info/dto/create-company-info.dto.ts:66,single,الأحد - الخميس: 8 ص - 5 م,Sunday - Thursday: 8 AM - 5 PM,developer-doc/example; localize only if exposed,Developer/API example text; localize only if it is exposed to end users.
SMART-I18N-1295,backend_source_example,backend/src/project-categories/schemas/project-category.schema.ts:12 | backend/src/project-categories/dto/create-project-category.dto.ts:21,single,مواقع إلكترونية,Websites,developer-doc/example; localize only if exposed,Developer/API example text; localize only if it is exposed to end users.
SMART-I18N-1296,backend_source_example,backend/src/services/dto/create-service.dto.ts:14,single,تصميم وتطوير مواقع الويب,Web Design and Development,developer-doc/example; localize only if exposed,Developer/API example text; localize only if it is exposed to end users.
SMART-I18N-1297,backend_source_example,backend/src/services/dto/create-service.dto.ts:22,single,حلول ويب متكاملة بدءًا من المواقع البسيطة وحتى الأنظمة المعقدة,Integrated web solutions ranging from simple websites to complex systems,developer-doc/example; localize only if exposed,Developer/API example text; localize only if it is exposed to end users.
SMART-I18N-1298,backend_source_example,backend/src/services/dto/create-service.dto.ts:56,single,تصميم متجاوب,Responsive Design,developer-doc/example; localize only if exposed,Developer/API example text; localize only if it is exposed to end users.
SMART-I18N-1299,backend_source_example,backend/src/services/dto/create-service.dto.ts:56,single,SEO محسّن,SEO Optimized,developer-doc/example; localize only if exposed,Developer/API example text; localize only if it is exposed to end users.
SMART-I18N-1300,backend_source_example,backend/src/services/dto/create-service.dto.ts:56,single,أداء عالي,High Performance,developer-doc/example; localize only if exposed,Developer/API example text; localize only if it is exposed to end users.
SMART-I18N-1301,backend_source_example,backend/src/services/dto/create-service.dto.ts:90,single,حلول ويب متكاملة بأحدث التقنيات,Integrated Web Solutions Using Modern Technologies,developer-doc/example; localize only if exposed,Developer/API example text; localize only if it is exposed to end users.
SMART-I18N-1486,database_operational,leads.json::محمد أحمد,fullName,محمد أحمد,Mohammed Ahmed,do-not-auto-translate-user-generated,Audit translation/transliteration only; do not persist as a second-language copy of user-entered operational data.
SMART-I18N-1487,database_operational,leads.json::محمد أحمد,companyName,شركة التقنية المتقدمة,Advanced Technology Company,do-not-auto-translate-user-generated,Audit translation/transliteration only; do not persist as a second-language copy of user-entered operational data.
SMART-I18N-1488,database_operational,leads.json::محمد أحمد,message,نرغب في تطوير موقع إلكتروني لشركتنا مع نظام إدارة محتوى متقدم,We would like to develop a corporate website with an advanced content management system,do-not-auto-translate-user-generated,Audit translation/transliteration only; do not persist as a second-language copy of user-entered operational data.
SMART-I18N-1489,database_operational,leads.json::محمد أحمد | leads.json::خالد يوسف,source,الموقع الإلكتروني,Website,do-not-auto-translate-user-generated,Audit translation/transliteration only; do not persist as a second-language copy of user-entered operational data.
SMART-I18N-1490,database_operational,leads.json::محمد أحمد,projectGoal,تحسين الحضور الرقمي للشركة,Improve the company’s digital presence,do-not-auto-translate-user-generated,Audit translation/transliteration only; do not persist as a second-language copy of user-entered operational data.
SMART-I18N-1491,database_operational,leads.json::سارة خالد,fullName,سارة خالد,Sarah Khaled,do-not-auto-translate-user-generated,Audit translation/transliteration only; do not persist as a second-language copy of user-entered operational data.
SMART-I18N-1492,database_operational,leads.json::سارة خالد,companyName,متجر الأزياء الأنيق,Elegant Fashion Store,do-not-auto-translate-user-generated,Audit translation/transliteration only; do not persist as a second-language copy of user-entered operational data.
SMART-I18N-1493,database_operational,leads.json::سارة خالد,message,نحتاج إلى تطوير متجر إلكتروني متكامل مع نظام دفع وإدارة طلبات,We need a complete e-commerce store with payment and order management systems,do-not-auto-translate-user-generated,Audit translation/transliteration only; do not persist as a second-language copy of user-entered operational data.
SMART-I18N-1494,database_operational,leads.json::سارة خالد,notes,تم التواصل مع العميل وتم تحديد موعد للاجتماع,The client was contacted and a meeting was scheduled,do-not-auto-translate-user-generated,Audit translation/transliteration only; do not persist as a second-language copy of user-entered operational data.
SMART-I18N-1495,database_operational,leads.json::سارة خالد,source,الإحالة,Referral,do-not-auto-translate-user-generated,Audit translation/transliteration only; do not persist as a second-language copy of user-entered operational data.
SMART-I18N-1496,database_operational,leads.json::سارة خالد,projectGoal,إطلاق متجر إلكتروني لإدارة الطلبات والمنتجات وربط واتساب,Launch an e-commerce store to manage orders and products and integrate WhatsApp,do-not-auto-translate-user-generated,Audit translation/transliteration only; do not persist as a second-language copy of user-entered operational data.
SMART-I18N-1497,database_operational,leads.json::علي حسن,fullName,علي حسن,Ali Hassan,do-not-auto-translate-user-generated,Audit translation/transliteration only; do not persist as a second-language copy of user-entered operational data.
SMART-I18N-1498,database_operational,leads.json::علي حسن,companyName,مؤسسة التصنيع الحديث,Modern Manufacturing Establishment,do-not-auto-translate-user-generated,Audit translation/transliteration only; do not persist as a second-language copy of user-entered operational data.
SMART-I18N-1499,database_operational,leads.json::علي حسن,message,نبحث عن نظام ERP شامل لإدارة عمليات التصنيع والمخزون,We are looking for a comprehensive ERP system to manage manufacturing and inventory operations,do-not-auto-translate-user-generated,Audit translation/transliteration only; do not persist as a second-language copy of user-entered operational data.
SMART-I18N-1500,database_operational,leads.json::علي حسن,notes,تم إرسال العرض الفني والمالي، في انتظار الرد,The technical and financial proposal was sent; awaiting a response,do-not-auto-translate-user-generated,Audit translation/transliteration only; do not persist as a second-language copy of user-entered operational data.
SMART-I18N-1501,database_operational,leads.json::علي حسن,source,البريد الإلكتروني,Email,do-not-auto-translate-user-generated,Audit translation/transliteration only; do not persist as a second-language copy of user-entered operational data.
SMART-I18N-1502,database_operational,leads.json::علي حسن,projectGoal,دمج عدة أنظمة منفصلة في نظام واحد موحد,Merge several separate systems into one unified system,do-not-auto-translate-user-generated,Audit translation/transliteration only; do not persist as a second-language copy of user-entered operational data.
SMART-I18N-1503,database_operational,leads.json::فاطمة محمود,fullName,فاطمة محمود,Fatima Mahmoud,do-not-auto-translate-user-generated,Audit translation/transliteration only; do not persist as a second-language copy of user-entered operational data.
SMART-I18N-1504,database_operational,leads.json::فاطمة محمود,companyName,مطعم الطعم الأصيل,Authentic Taste Restaurant,do-not-auto-translate-user-generated,Audit translation/transliteration only; do not persist as a second-language copy of user-entered operational data.
SMART-I18N-1505,database_operational,leads.json::فاطمة محمود,message,نريد تطبيق جوال لطلب الطعام مع نظام توصيل,We want a mobile food-ordering application with a delivery system,do-not-auto-translate-user-generated,Audit translation/transliteration only; do not persist as a second-language copy of user-entered operational data.
SMART-I18N-1506,database_operational,leads.json::فاطمة محمود,notes,في مرحلة التفاوض على السعر والمواصفات النهائية,Currently negotiating the price and final specifications,do-not-auto-translate-user-generated,Audit translation/transliteration only; do not persist as a second-language copy of user-entered operational data.
SMART-I18N-1507,database_operational,leads.json::فاطمة محمود,source,وسائل التواصل الاجتماعي,Social Media,do-not-auto-translate-user-generated,Audit translation/transliteration only; do not persist as a second-language copy of user-entered operational data.
SMART-I18N-1508,database_operational,leads.json::فاطمة محمود,projectGoal,بناء MVP لتطبيق طلب طعام مع لوحة تحكم,Build an MVP for a food-ordering application with an admin dashboard,do-not-auto-translate-user-generated,Audit translation/transliteration only; do not persist as a second-language copy of user-entered operational data.
SMART-I18N-1509,database_operational,leads.json::خالد يوسف,fullName,خالد يوسف,Khaled Yousef,do-not-auto-translate-user-generated,Audit translation/transliteration only; do not persist as a second-language copy of user-entered operational data.
SMART-I18N-1510,database_operational,leads.json::خالد يوسف,companyName,شركة الخدمات اللوجستية,Logistics Services Company,do-not-auto-translate-user-generated,Audit translation/transliteration only; do not persist as a second-language copy of user-entered operational data.
SMART-I18N-1511,database_operational,leads.json::خالد يوسف,message,نحتاج إلى أتمتة عمليات التوصيل وإدارة الأسطول,We need to automate delivery operations and fleet management,do-not-auto-translate-user-generated,Audit translation/transliteration only; do not persist as a second-language copy of user-entered operational data.
SMART-I18N-1512,database_operational,leads.json::خالد يوسف,notes,تم إغلاق الصفقة بنجاح، سيبدأ المشروع الأسبوع القادم,The deal was successfully closed; the project will start next week,do-not-auto-translate-user-generated,Audit translation/transliteration only; do not persist as a second-language copy of user-entered operational data.
SMART-I18N-1513,database_operational,leads.json::خالد يوسف | leads.json::عبدالله حسن,projectGoal | message,أتمتة استقبال الطلبات من واتساب وربطها بجدول متابعة,Automate receiving orders from WhatsApp and link them to a tracking sheet,do-not-auto-translate-user-generated,Audit translation/transliteration only; do not persist as a second-language copy of user-entered operational data.
SMART-I18N-1514,database_operational,leads.json::أحمد القباطي,fullName,أحمد القباطي,Ahmed Al-Qubati,do-not-auto-translate-user-generated,Audit translation/transliteration only; do not persist as a second-language copy of user-entered operational data.
SMART-I18N-1515,database_operational,leads.json::أحمد القباطي,companyName,مؤسسة القباطي التجارية,Al-Qubati Trading Establishment,do-not-auto-translate-user-generated,Audit translation/transliteration only; do not persist as a second-language copy of user-entered operational data.
SMART-I18N-1516,database_operational,leads.json::أحمد القباطي,message,أريد معرفة المزيد عن خدمات تطوير المواقع.,I would like to learn more about your website development services.,do-not-auto-translate-user-generated,Audit translation/transliteration only; do not persist as a second-language copy of user-entered operational data.
SMART-I18N-1517,database_operational,leads.json::مازن علي,fullName,مازن علي,Mazen Ali,do-not-auto-translate-user-generated,Audit translation/transliteration only; do not persist as a second-language copy of user-entered operational data.
SMART-I18N-1518,database_operational,leads.json::مازن علي,companyName,خدمة محلية ناشئة,Local Startup Service,do-not-auto-translate-user-generated,Audit translation/transliteration only; do not persist as a second-language copy of user-entered operational data.
SMART-I18N-1519,database_operational,leads.json::مازن علي,message | projectGoal,بناء MVP لتطبيق خدمات محلية مع لوحة تحكم,Build an MVP for a local-services app with an admin dashboard,do-not-auto-translate-user-generated,Audit translation/transliteration only; do not persist as a second-language copy of user-entered operational data.
SMART-I18N-1520,database_operational,leads.json::عبدالله حسن,fullName,عبدالله حسن,Abdullah Hassan,do-not-auto-translate-user-generated,Audit translation/transliteration only; do not persist as a second-language copy of user-entered operational data.
SMART-I18N-1521,database_operational,leads.json::عبدالله حسن,companyName,شركة توزيع,Distribution Company,do-not-auto-translate-user-generated,Audit translation/transliteration only; do not persist as a second-language copy of user-entered operational data.
SMART-I18N-2319,database_operational,users.json::فاطمة علي,name,فاطمة علي,Fatima Ali,do-not-auto-translate-user-generated,Audit translation/transliteration only; do not persist as a second-language copy of user-entered operational data.
SMART-I18N-2320,database_operational,users.json::خالد حسن,name,خالد حسن,Khaled Hassan,do-not-auto-translate-user-generated,Audit translation/transliteration only; do not persist as a second-language copy of user-entered operational data.
